<?xml version="1.0" encoding="UTF-8"?>
<metadata xml:lang="en"><Esri><CreaDate>20221115</CreaDate><CreaTime>15513100</CreaTime><ArcGISFormat>1.0</ArcGISFormat><SyncOnce>TRUE</SyncOnce><DataProperties><lineage><Process ToolSource="c:\program files (x86)\arcgis\desktop10.8\ArcToolbox\Toolboxes\Conversion Tools.tbx\PolygonToRaster" Date="20221115" Time="155131">PolygonToRaster gSSURGO_Dissolve Texture C:\Users\jminai\Desktop\Srinivasa\SSURGO\Texture.tif CELL_CENTER NONE 5</Process></lineage><itemProps><itemLocation><linkage Sync="TRUE">file://\\P076055\C$\Users\jminai\Desktop\Srinivasa\SSURGO\Texture\Texture.tif</linkage><protocol Sync="TRUE">Local Area Network</protocol></itemLocation></itemProps><copyHistory><copy source="C:\Users\jminai\Desktop\Srinivasa\SSURGO\Texture.tif" dest="\\P076055\C$\Users\jminai\Desktop\Srinivasa\SSURGO\Texture\Texture.tif" date="20240105" time="10550700"></copy></copyHistory></DataProperties></Esri></metadata>
