<PAMDataset>
  <Metadata>
    <MDI key="DataType">*</MDI>
  </Metadata>
  <PAMRasterBand band="1">
    <Histograms>
      <HistItem>
        <HistMin>220.3363342285156</HistMin>
        <HistMax>226.5017395019531</HistMax>
        <BucketCount>256</BucketCount>
        <IncludeOutOfRange>1</IncludeOutOfRange>
        <Approximate>0</Approximate>
        <HistCounts>1|0|0|0|1|2|0|1|1|3|5|1|0|0|3|0|3|1|0|2|3|1|3|3|2|1|7|1|0|2|3|3|1|5|3|2|5|3|0|1|3|7|0|10|3|3|3|3|3|5|5|4|6|3|6|3|8|4|4|6|10|2|2|7|1|5|8|6|4|13|5|7|8|12|10|16|11|16|16|19|11|20|30|25|14|31|58|26|33|46|38|29|34|43|45|32|40|28|44|53|39|18|45|40|31|37|43|48|45|26|43|52|29|42|25|49|38|41|35|52|34|36|34|39|49|43|41|30|46|29|40|27|51|41|39|30|30|37|42|36|20|38|27|52|39|42|27|51|21|38|37|41|41|37|36|40|46|31|41|40|53|27|45|40|48|37|43|48|58|39|41|53|65|46|41|51|61|65|43|62|57|85|35|56|52|89|48|55|62|87|55|44|58|100|78|52|62|100|85|53|65|124|125|67|76|77|152|83|62|85|187|81|81|98|2683|158|111|155|777|166|82|108|423|212|118|117|420|255|90|80|163|235|53|41|72|171|31|36|27|95|20|24|18|45|12|14|12|15|6|4|8|10|3|0|3|1</HistCounts>
      </HistItem>
    </Histograms>
    <Metadata>
      <MDI key="RepresentationType">ATHEMATIC</MDI>
      <MDI key="STATISTICS_COVARIANCES">1.252376610909239</MDI>
      <MDI key="STATISTICS_EXCLUDEDVALUES"></MDI>
      <MDI key="STATISTICS_MAXIMUM">226.50173950195</MDI>
      <MDI key="STATISTICS_MEAN">224.89152097937</MDI>
      <MDI key="STATISTICS_MEDIAN">225.510439</MDI>
      <MDI key="STATISTICS_MINIMUM">220.33633422852</MDI>
      <MDI key="STATISTICS_SKIPFACTORX">1</MDI>
      <MDI key="STATISTICS_SKIPFACTORY">1</MDI>
      <MDI key="STATISTICS_STDDEV">1.1190963367419</MDI>
      <MDI key="STATISTICS_VALID_PERCENT">72.36</MDI>
    </Metadata>
  </PAMRasterBand>
</PAMDataset>
