<PAMDataset>
  <PAMRasterBand band="1">
    <Histograms>
      <HistItem>
        <HistMin>-0.001240731100551784</HistMin>
        <HistMax>0.00104447640478611</HistMax>
        <BucketCount>256</BucketCount>
        <IncludeOutOfRange>1</IncludeOutOfRange>
        <Approximate>0</Approximate>
        <HistCounts>1|0|0|0|0|0|0|0|0|0|0|0|0|0|0|0|0|0|0|0|0|0|0|0|0|0|0|0|1|0|0|2|0|2|1|0|0|0|0|0|0|1|0|0|2|1|0|1|1|1|2|0|0|0|1|1|2|0|1|1|2|2|1|3|0|2|2|1|4|2|1|2|2|3|2|0|2|6|2|2|2|3|2|5|3|3|2|3|3|10|6|3|5|7|4|14|9|11|14|12|16|15|26|15|9|23|19|24|24|22|22|24|31|39|39|44|51|60|65|78|82|92|92|107|162|135|164|175|221|225|290|263|294|392|437|465|597|729|2066|661|615|575|496|448|414|363|336|291|248|206|157|152|121|125|92|98|70|72|51|49|40|43|33|34|41|34|25|20|18|13|17|16|13|11|16|14|11|9|8|8|4|5|3|8|5|7|2|4|5|1|2|2|1|7|4|3|6|1|1|2|2|2|3|5|2|2|1|1|1|4|0|3|0|1|3|3|3|0|2|0|2|0|1|0|2|1|1|2|1|2|0|0|1|0|0|0|0|1|1|1|0|0|1|0|0|0|0|1|0|0|0|0|0|1|0|1</HistCounts>
      </HistItem>
    </Histograms>
    <Metadata>
      <MDI key="STATISTICS_COVARIANCES">1.552059872557771e-08</MDI>
      <MDI key="STATISTICS_EXCLUDEDVALUES"></MDI>
      <MDI key="STATISTICS_MAXIMUM">0.0010444764047861</MDI>
      <MDI key="STATISTICS_MEAN">6.3879295828569e-07</MDI>
      <MDI key="STATISTICS_MEDIAN">-0.000004</MDI>
      <MDI key="STATISTICS_MINIMUM">-0.0012407311005518</MDI>
      <MDI key="STATISTICS_SKIPFACTORX">1</MDI>
      <MDI key="STATISTICS_SKIPFACTORY">1</MDI>
      <MDI key="STATISTICS_STDDEV">0.00012458169498597</MDI>
    </Metadata>
  </PAMRasterBand>
</PAMDataset>
