<PAMDataset>
  <PAMRasterBand band="1">
    <Histograms>
      <HistItem>
        <HistMin>-0.001248279004357755</HistMin>
        <HistMax>0.001069186837412417</HistMax>
        <BucketCount>256</BucketCount>
        <IncludeOutOfRange>1</IncludeOutOfRange>
        <Approximate>0</Approximate>
        <HistCounts>1|0|0|0|0|0|0|0|0|1|0|0|0|1|0|0|0|1|1|0|1|0|0|0|1|0|0|0|0|0|0|1|0|1|1|0|1|1|0|1|1|0|1|1|0|0|2|1|3|1|1|1|2|1|1|3|2|2|0|0|1|0|1|4|2|1|1|2|1|2|2|1|3|4|5|2|3|2|2|0|2|7|6|5|6|7|4|8|7|6|8|13|6|8|11|11|8|5|13|9|9|13|13|11|17|13|14|21|16|26|32|31|33|44|34|43|46|60|69|71|81|97|98|133|157|159|189|222|269|281|335|365|398|422|441|515|577|1927|503|477|477|436|459|384|317|329|347|265|275|226|207|178|176|143|136|123|112|90|86|66|49|62|45|39|29|40|38|23|22|18|17|9|13|8|8|9|15|12|14|9|12|15|11|11|11|11|5|6|11|7|4|6|8|5|4|10|2|6|5|3|5|1|2|2|1|1|8|4|2|3|0|2|1|2|2|1|1|2|0|1|2|0|2|3|0|2|0|1|1|0|1|0|0|0|0|0|0|0|0|0|1|1|0|0|1|0|0|1|0|2|0|2|0|0|0|1</HistCounts>
      </HistItem>
    </Histograms>
    <Metadata>
      <MDI key="STATISTICS_COVARIANCES">1.928274532240332e-08</MDI>
      <MDI key="STATISTICS_EXCLUDEDVALUES"></MDI>
      <MDI key="STATISTICS_MAXIMUM">0.0010691868374124</MDI>
      <MDI key="STATISTICS_MEAN">1.1471441159236e-05</MDI>
      <MDI key="STATISTICS_MEDIAN">-0.000003</MDI>
      <MDI key="STATISTICS_MINIMUM">-0.0012482790043578</MDI>
      <MDI key="STATISTICS_SKIPFACTORX">1</MDI>
      <MDI key="STATISTICS_SKIPFACTORY">1</MDI>
      <MDI key="STATISTICS_STDDEV">0.0001388623250648</MDI>
    </Metadata>
  </PAMRasterBand>
</PAMDataset>
