<PAMDataset>
  <PAMRasterBand band="1">
    <Histograms>
      <HistItem>
        <HistMin>0</HistMin>
        <HistMax>6.989072799682617</HistMax>
        <BucketCount>256</BucketCount>
        <IncludeOutOfRange>1</IncludeOutOfRange>
        <Approximate>0</Approximate>
        <HistCounts>1984|262|175|141|166|152|184|198|180|187|199|239|220|228|231|249|227|272|308|334|366|321|261|204|215|230|197|146|157|186|157|195|176|180|197|215|186|144|164|268|291|156|117|97|116|76|80|92|76|93|91|67|73|60|61|54|63|58|54|61|62|49|33|54|33|26|35|41|25|29|28|35|30|25|22|26|23|22|19|14|10|20|13|13|13|14|11|8|15|9|9|11|11|6|2|7|14|12|6|7|9|10|14|7|8|9|9|8|3|2|5|5|10|5|11|7|4|5|4|3|2|6|4|5|2|4|5|2|5|3|1|1|4|4|3|2|0|3|4|0|1|1|0|2|5|1|0|2|2|0|5|0|2|1|3|3|3|1|2|0|1|0|0|2|1|1|2|1|2|1|0|0|0|1|1|2|0|0|0|0|0|1|0|0|0|0|1|1|0|1|0|0|0|0|0|0|0|0|1|0|0|0|1|0|0|0|0|0|1|0|0|0|0|1|0|0|0|0|0|0|0|0|0|0|0|0|0|0|0|0|0|0|0|0|0|0|0|0|0|0|0|0|0|0|0|0|0|0|0|0|0|0|0|0|0|1</HistCounts>
      </HistItem>
    </Histograms>
    <Metadata>
      <MDI key="STATISTICS_COVARIANCES">0.4628725680402854</MDI>
      <MDI key="STATISTICS_EXCLUDEDVALUES"></MDI>
      <MDI key="STATISTICS_MAXIMUM">6.9890727996826</MDI>
      <MDI key="STATISTICS_MEAN">0.72619145496436</MDI>
      <MDI key="STATISTICS_MEDIAN">0.575571</MDI>
      <MDI key="STATISTICS_MINIMUM">0</MDI>
      <MDI key="STATISTICS_SKIPFACTORX">1</MDI>
      <MDI key="STATISTICS_SKIPFACTORY">1</MDI>
      <MDI key="STATISTICS_STDDEV">0.6803473877662</MDI>
      <MDI key="STATISTICS_VALID_PERCENT">68.34</MDI>
    </Metadata>
  </PAMRasterBand>
</PAMDataset>
