<PAMDataset>
  <PAMRasterBand band="1">
    <Histograms>
      <HistItem>
        <HistMin>-0.4238128662109375</HistMin>
        <HistMax>0.2577056884765625</HistMax>
        <BucketCount>256</BucketCount>
        <IncludeOutOfRange>1</IncludeOutOfRange>
        <Approximate>0</Approximate>
        <HistCounts>1|0|0|0|0|0|0|0|0|0|0|0|0|0|0|0|0|0|0|0|0|0|0|0|0|0|0|0|0|0|0|0|1|0|0|0|1|0|0|0|1|0|0|0|0|1|0|0|0|0|0|1|0|0|0|1|1|0|0|0|0|0|0|0|0|0|1|0|0|2|0|0|1|2|0|0|0|1|0|1|0|1|1|0|1|2|1|0|0|0|2|1|2|0|1|5|1|2|2|4|2|2|2|1|1|2|0|3|3|6|0|6|4|6|6|1|8|6|9|3|13|10|6|7|9|11|12|14|21|20|21|23|29|46|35|43|50|46|77|72|95|123|124|133|178|189|208|261|277|321|295|328|337|374|388|416|408|523|2625|493|425|388|353|366|363|323|320|320|252|211|213|208|192|174|140|148|115|104|77|72|55|52|41|43|30|21|19|18|22|13|15|16|14|4|8|5|7|7|4|4|7|3|4|3|15|3|4|2|2|1|1|0|1|4|1|0|2|1|2|0|1|1|2|1|0|1|0|1|2|0|0|0|0|3|0|1|0|1|0|2|0|0|0|1|0|1|0|2|0|0|0|0|0|0|0|1</HistCounts>
      </HistItem>
    </Histograms>
    <Metadata>
      <MDI key="STATISTICS_COVARIANCES">0.00114074149196505</MDI>
      <MDI key="STATISTICS_EXCLUDEDVALUES"></MDI>
      <MDI key="STATISTICS_MAXIMUM">0.25770568847656</MDI>
      <MDI key="STATISTICS_MEAN">3.1521546120122e-05</MDI>
      <MDI key="STATISTICS_MEDIAN">-0.001539</MDI>
      <MDI key="STATISTICS_MINIMUM">-0.42381286621094</MDI>
      <MDI key="STATISTICS_SKIPFACTORX">1</MDI>
      <MDI key="STATISTICS_SKIPFACTORY">1</MDI>
      <MDI key="STATISTICS_STDDEV">0.033774864795659</MDI>
      <MDI key="STATISTICS_VALID_PERCENT">72.36</MDI>
    </Metadata>
  </PAMRasterBand>
</PAMDataset>
