<PAMDataset>
  <PAMRasterBand band="1">
    <Histograms>
      <HistItem>
        <HistMin>0.04828691855072975</HistMin>
        <HistMax>0.249698743224144</HistMax>
        <BucketCount>256</BucketCount>
        <IncludeOutOfRange>1</IncludeOutOfRange>
        <Approximate>0</Approximate>
        <HistCounts>1|1|2|0|1|3|0|3|4|4|5|8|14|17|23|36|45|59|77|98|139|165|215|265|244|286|310|296|332|326|364|369|437|438|442|454|535|493|471|511|533|506|552|525|511|403|379|214|179|167|129|132|125|108|78|53|51|45|34|37|40|30|38|28|28|33|31|27|31|18|25|25|34|17|18|19|33|25|20|19|20|26|16|25|28|13|10|18|25|21|23|22|19|25|23|23|30|17|19|19|15|14|23|23|22|24|13|15|20|13|16|14|8|15|6|9|16|10|9|14|11|13|7|7|9|8|7|11|13|10|8|7|7|12|7|10|11|10|5|10|10|9|4|11|10|12|4|8|3|4|5|7|6|8|5|4|6|8|4|6|1|2|5|4|8|9|5|4|6|3|5|2|7|3|7|3|5|3|5|1|3|0|4|4|3|3|3|4|0|1|3|4|1|4|2|0|4|3|3|3|1|1|1|1|4|3|1|3|1|3|2|4|2|1|0|1|0|1|3|2|1|0|0|1|0|0|0|0|0|0|1|0|0|0|0|0|0|0|0|1|0|0|0|0|1|0|0|1|0|0|0|0|0|0|0|1</HistCounts>
      </HistItem>
    </Histograms>
    <Metadata>
      <MDI key="STATISTICS_EXCLUDEDVALUES"></MDI>
      <MDI key="STATISTICS_MAXIMUM">0.24969874322414</MDI>
      <MDI key="STATISTICS_MEAN">0.083921757643335</MDI>
      <MDI key="STATISTICS_MINIMUM">0.04828691855073</MDI>
      <MDI key="STATISTICS_SKIPFACTORX">1</MDI>
      <MDI key="STATISTICS_SKIPFACTORY">1</MDI>
      <MDI key="STATISTICS_STDDEV">0.021785133796951</MDI>
    </Metadata>
  </PAMRasterBand>
</PAMDataset>
