<?xml version="1.0" encoding="UTF-8"?>
<metadata xml:lang="en"><Esri><CreaDate>20230712</CreaDate><CreaTime>10142900</CreaTime><ArcGISFormat>1.0</ArcGISFormat><SyncOnce>TRUE</SyncOnce><DataProperties><lineage><Process ToolSource="c:\program files (x86)\arcgis\desktop10.8\ArcToolbox\Toolboxes\Spatial Analyst Tools.tbx\ExtractByMask" Date="20230712" Time="101429">ExtractByMask Rsmpld_ndvi.tif DEM_QGIS.tif "C:\Users\jminai\Desktop\Srinivasa\SRTM\SRTM A Third Arc Second_not Resamped\NDVI\NDVI.tif"</Process></lineage><itemProps><itemLocation><linkage Sync="TRUE">file://\\P076055\C$\Users\jminai\Desktop\Srinivasa\SRTM\SRTM A Third Arc Second_not Resamped\NDVI\NDVI\NDVI.tif</linkage><protocol Sync="TRUE">Local Area Network</protocol></itemLocation></itemProps><copyHistory><copy source="C:\Users\jminai\Desktop\Srinivasa\SRTM\SRTM A Third Arc Second_not Resamped\NDVI\NDVI.tif" dest="\\P076055\C$\Users\jminai\Desktop\Srinivasa\SRTM\SRTM A Third Arc Second_not Resamped\NDVI\NDVI\NDVI.tif" date="20240105" time="10530100"></copy></copyHistory></DataProperties></Esri></metadata>
